<?xml version="1.0" encoding="UTF-8"?>
<GenRun Id="synth_1" LaunchPart="xc7z010clg400-1" LaunchTime="1649649789">
  <File Type="PA-TCL" Name="IFID_IDEXE_Module.tcl"/>
  <File Type="RDS-PROPCONSTRS" Name="IFID_IDEXE_Module_drc_synth.rpt"/>
  <File Type="REPORTS-TCL" Name="IFID_IDEXE_Module_reports.tcl"/>
  <File Type="RDS-RDS" Name="IFID_IDEXE_Module.vds"/>
  <File Type="RDS-UTIL" Name="IFID_IDEXE_Module_utilization_synth.rpt"/>
  <File Type="RDS-UTIL-PB" Name="IFID_IDEXE_Module_utilization_synth.pb"/>
  <File Type="RDS-DCP" Name="IFID_IDEXE_Module.dcp"/>
  <File Type="VDS-TIMINGSUMMARY" Name="IFID_IDEXE_Module_timing_summary_synth.rpt"/>
  <File Type="VDS-TIMING-PB" Name="IFID_IDEXE_Module_timing_summary_synth.pb"/>
  <FileSet Name="sources" Type="DesignSrcs" RelSrcDir="$PSRCDIR/sources_1">
    <Filter Type="Srcs"/>
    <File Path="$PSRCDIR/sources_1/new/ALU.v">
      <FileInfo>
        <Attr Name="UsedIn" Val="synthesis"/>
        <Attr Name="UsedIn" Val="implementation"/>
        <Attr Name="UsedIn" Val="simulation"/>
      </FileInfo>
    </File>
    <File Path="$PSRCDIR/sources_1/new/ALUMux.v">
      <FileInfo>
        <Attr Name="UsedIn" Val="synthesis"/>
        <Attr Name="UsedIn" Val="implementation"/>
        <Attr Name="UsedIn" Val="simulation"/>
      </FileInfo>
    </File>
    <File Path="$PSRCDIR/sources_1/new/Control_Unit.v">
      <FileInfo>
        <Attr Name="ImportPath" Val="$PPRDIR/../../331_Lab3/331_lab3_yubo/331_lab3_yubo.srcs/sources_1/new/Control_Unit.v"/>
        <Attr Name="ImportTime" Val="1647799447"/>
        <Attr Name="UsedIn" Val="synthesis"/>
        <Attr Name="UsedIn" Val="implementation"/>
        <Attr Name="UsedIn" Val="simulation"/>
      </FileInfo>
    </File>
    <File Path="$PSRCDIR/sources_1/new/DataMem.v">
      <FileInfo>
        <Attr Name="UsedIn" Val="synthesis"/>
        <Attr Name="UsedIn" Val="implementation"/>
        <Attr Name="UsedIn" Val="simulation"/>
      </FileInfo>
    </File>
    <File Path="$PSRCDIR/sources_1/new/EXEMEM_Pipeline_Register.v">
      <FileInfo>
        <Attr Name="UsedIn" Val="synthesis"/>
        <Attr Name="UsedIn" Val="implementation"/>
        <Attr Name="UsedIn" Val="simulation"/>
      </FileInfo>
    </File>
    <File Path="$PSRCDIR/sources_1/new/IDEXE_Pipeline_Register.v">
      <FileInfo>
        <Attr Name="ImportPath" Val="$PPRDIR/../../331_Lab3/331_lab3_yubo/331_lab3_yubo.srcs/sources_1/new/IDEXE_Pipeline_Register.v"/>
        <Attr Name="ImportTime" Val="1647800422"/>
        <Attr Name="UsedIn" Val="synthesis"/>
        <Attr Name="UsedIn" Val="implementation"/>
        <Attr Name="UsedIn" Val="simulation"/>
      </FileInfo>
    </File>
    <File Path="$PSRCDIR/sources_1/new/IFID_Pipeline_Register.v">
      <FileInfo>
        <Attr Name="ImportPath" Val="$PPRDIR/../../331_Lab3/331_lab3_yubo/331_lab3_yubo.srcs/sources_1/new/IFID_Pipeline_Register.v"/>
        <Attr Name="ImportTime" Val="1647816377"/>
        <Attr Name="UsedIn" Val="synthesis"/>
        <Attr Name="UsedIn" Val="implementation"/>
        <Attr Name="UsedIn" Val="simulation"/>
      </FileInfo>
    </File>
    <File Path="$PSRCDIR/sources_1/new/IM.v">
      <FileInfo>
        <Attr Name="ImportPath" Val="$PPRDIR/../../331_Lab3/331_lab3_yubo/331_lab3_yubo.srcs/sources_1/new/IM.v"/>
        <Attr Name="ImportTime" Val="1647817846"/>
        <Attr Name="UsedIn" Val="synthesis"/>
        <Attr Name="UsedIn" Val="implementation"/>
        <Attr Name="UsedIn" Val="simulation"/>
      </FileInfo>
    </File>
    <File Path="$PSRCDIR/sources_1/new/MEMWB_Pipeline_Register.v">
      <FileInfo>
        <Attr Name="UsedIn" Val="synthesis"/>
        <Attr Name="UsedIn" Val="implementation"/>
        <Attr Name="UsedIn" Val="simulation"/>
      </FileInfo>
    </File>
    <File Path="$PSRCDIR/sources_1/new/PC.v">
      <FileInfo>
        <Attr Name="ImportPath" Val="$PPRDIR/../../331_Lab3/331_lab3_yubo/331_lab3_yubo.srcs/sources_1/new/PC.v"/>
        <Attr Name="ImportTime" Val="1647815862"/>
        <Attr Name="UsedIn" Val="synthesis"/>
        <Attr Name="UsedIn" Val="implementation"/>
        <Attr Name="UsedIn" Val="simulation"/>
      </FileInfo>
    </File>
    <File Path="$PSRCDIR/sources_1/new/Pc_Adder.v">
      <FileInfo>
        <Attr Name="ImportPath" Val="$PPRDIR/../../331_Lab3/331_lab3_yubo/331_lab3_yubo.srcs/sources_1/new/Pc_Adder.v"/>
        <Attr Name="ImportTime" Val="1647816185"/>
        <Attr Name="UsedIn" Val="synthesis"/>
        <Attr Name="UsedIn" Val="implementation"/>
        <Attr Name="UsedIn" Val="simulation"/>
      </FileInfo>
    </File>
    <File Path="$PSRCDIR/sources_1/new/Register_File.v">
      <FileInfo>
        <Attr Name="ImportPath" Val="$PPRDIR/../../331_Lab3/331_lab3_yubo/331_lab3_yubo.srcs/sources_1/new/Register_File.v"/>
        <Attr Name="ImportTime" Val="1647796463"/>
        <Attr Name="UsedIn" Val="synthesis"/>
        <Attr Name="UsedIn" Val="implementation"/>
        <Attr Name="UsedIn" Val="simulation"/>
      </FileInfo>
    </File>
    <File Path="$PSRCDIR/sources_1/new/imm_Extender.v">
      <FileInfo>
        <Attr Name="ImportPath" Val="$PPRDIR/../../331_Lab3/331_lab3_yubo/331_lab3_yubo.srcs/sources_1/new/imm_Extender.v"/>
        <Attr Name="ImportTime" Val="1647761766"/>
        <Attr Name="UsedIn" Val="synthesis"/>
        <Attr Name="UsedIn" Val="implementation"/>
        <Attr Name="UsedIn" Val="simulation"/>
      </FileInfo>
    </File>
    <File Path="$PSRCDIR/sources_1/new/regDst_mux.v">
      <FileInfo>
        <Attr Name="ImportPath" Val="$PPRDIR/../../331_Lab3/331_lab3_yubo/331_lab3_yubo.srcs/sources_1/new/regDst_mux.v"/>
        <Attr Name="ImportTime" Val="1647798896"/>
        <Attr Name="UsedIn" Val="synthesis"/>
        <Attr Name="UsedIn" Val="implementation"/>
        <Attr Name="UsedIn" Val="simulation"/>
      </FileInfo>
    </File>
    <File Path="$PSRCDIR/sources_1/new/IFID_IDEXE_Module.v">
      <FileInfo>
        <Attr Name="ImportPath" Val="$PPRDIR/../../331_Lab3/331_lab3_yubo/331_lab3_yubo.srcs/sources_1/new/IFID_IDEXE_Module.v"/>
        <Attr Name="ImportTime" Val="1647817852"/>
        <Attr Name="UsedIn" Val="synthesis"/>
        <Attr Name="UsedIn" Val="implementation"/>
        <Attr Name="UsedIn" Val="simulation"/>
      </FileInfo>
    </File>
    <Config>
      <Option Name="DesignMode" Val="RTL"/>
      <Option Name="TopModule" Val="IFID_IDEXE_Module"/>
    </Config>
  </FileSet>
  <FileSet Name="constrs_in" Type="Constrs" RelSrcDir="$PSRCDIR/constrs_1">
    <Filter Type="Constrs"/>
    <Config>
      <Option Name="ConstrsType" Val="XDC"/>
    </Config>
  </FileSet>
  <FileSet Name="utils" Type="Utils" RelSrcDir="$PSRCDIR/utils_1">
    <Filter Type="Utils"/>
    <Config>
      <Option Name="TopAutoSet" Val="TRUE"/>
    </Config>
  </FileSet>
  <Strategy Version="1" Minor="2">
    <StratHandle Name="Vivado Synthesis Defaults" Flow="Vivado Synthesis 2019"/>
    <Step Id="synth_design"/>
  </Strategy>
</GenRun>
